{"NEW50": {"type": "promo", "coupan_id": "NEW50", "max_usage": 5, "percentage_discount": 50.0, "active_flag": 1, "start_date": 1576348200.0, "end_date": 1577212200.0, "last_applied": 1576840516.64283}, "NEW25": {"type": "promo", "coupan_id": "NEW25", "max_usage": 1, "percentage_discount": 25.0, "active_flag": 0, "start_date": 1576348200.0, "end_date": 1577212200.0, "last_applied": 1576840516.64283}, "NEW30": {"type": "promo", "coupan_id": "NEW30", "max_usage": 49, "percentage_discount": 30.0, "active_flag": 0, "start_date": 1576348200.0, "end_date": 1577212200.0, "last_applied": 1576849313.421515}, "NY2020": {"type": "newyear", "coupan_id": "NY2020", "max_usage": 4, "percentage_discount": 50.0, "active_flag": 0, "start_date": 1576780200.0, "end_date": 1577730600.0, "last_applied": 1576855552.948236}}